id,latitude,longitude,name,address,email,contact_no,nearest_garage_id,created_date,updated_date
1,61.600803,-149.125259,Name 1,Address 1,cantu@yahoo.com,9123456789,,2021-11-30 08:44:31,2021-12-06 08:44:31
2,32.429066,-85.715233,Name 2,Address 2,maratb@comcast.net,9123456790,1,2021-12-01 08:44:31,2021-12-07 08:44:31
3,31.806484,-85.968628,Name 3,Address 3,gknauss@verizon.net,9123456791,33,2021-12-02 08:44:31,2021-12-08 08:44:31
4,34.650826,-86.088501,Name 4,Address 4,danneng@live.com,9123456792,2,2021-12-03 08:44:31,2021-12-09 08:44:31
5,31.463181,-85.647202,Name 5,Address 5,facet@optonline.net,9123456793,24,2021-12-04 08:44:31,2021-12-10 08:44:31
6,43.0186,-88.259773,Name 6,Address 6,bjoern@outlook.com,9123456794,4,2021-12-05 08:44:31,2021-12-11 08:44:31
7,33.834263,-87.280708,Name 7,Address 7,arandal@verizon.net,9123456795,8,2021-12-06 08:44:31,2021-12-12 08:44:31
8,34.361664,-86.305595,Name 8,Address 8,fmtbebuck@hotmail.com,9123456796,1,2021-12-07 08:44:31,2021-12-13 08:44:31
9,31.89818,-85.16021,Name 9,Address 9,rasca@me.com,9123456797,17,2021-12-08 08:44:31,2021-12-14 08:44:31
10,31.335653,-85.865448,Name 10,Address 10,tskirvin@optonline.net,9123456798,7,2021-12-09 08:44:31,2021-12-15 08:44:31
11,32.510178,-87.855392,Name 11,Address 11,aschmitz@hotmail.com,9123456799,12,2021-12-10 08:44:31,2021-12-16 08:44:31
12,31.025837,-87.506462,Name 12,Address 12,dunstan@att.net,9123456800,,2021-12-11 08:44:31,2021-12-17 08:44:31
13,32.940945,-85.970024,Name 13,Address 13,barjam@me.com,9123456801,2,2021-12-12 08:44:31,2021-12-18 08:44:31
14,33.982506,-118.040962,Name 14,Address 14,matloff@gmail.com,9123456802,,2021-12-13 08:44:31,2021-12-19 08:44:31
15,37.662937,-122.433014,Name 15,Address 15,itstatus@msn.com,9123456803,,2021-12-14 08:44:31,2021-12-20 08:44:31
16,37.865894,-122.498055,Name 16,Address 16,kludge@gmail.com,9123456804,28,2021-12-15 08:44:31,2021-12-21 08:44:31
17,37.986076,-122.534752,Name 17,Address 17,kdawson@sbcglobal.net,9123456805,,2021-12-16 08:44:31,2021-12-22 08:44:31
18,34.1213,-118.132607,Name 18,Address 18,hillct@yahoo.ca,9123456806,1,2021-12-17 08:44:31,2021-12-23 08:44:31
19,35.270378,-120.680656,Name 19,Address 19,bruck@yahoo.ca,9123456807,,2021-12-18 08:44:31,2021-12-24 08:44:31
20,34.456936,-119.25444,Name 20,Address 20,frosal@outlook.com,9123456808,,2021-12-19 08:44:31,2021-12-25 08:44:31
21,37.325954,-120.499992,Name 21,Address 21,pdbaby@mac.com,9123456809,2,2021-12-20 08:44:31,2021-12-26 08:44:31
22,39.152321,-121.593994,Name 22,Address 22,moonlapse@optonline.net,9123456810,,2021-12-21 08:44:31,2021-12-27 08:44:31
23,37.997417,-122.133598,Name 23,Address 23,hutton@yahoo.ca,9123456811,,2021-12-22 08:44:31,2021-12-28 08:44:31
24,34.031246,-118.788193,Name 24,Address 24,dhwon@hotmail.com,9123456812,1,2021-12-23 08:44:31,2021-12-29 08:44:31
25,38.130123,-121.290443,Name 25,Address 25,ournews@yahoo.ca,9123456813,,2021-12-24 08:44:31,2021-12-30 08:44:31
26,33.785645,-117.97348,Name 26,Address 26,shaffei@live.com,9123456814,,2021-12-25 08:44:31,2021-12-31 08:44:31
27,40.785114,-124.183922,Name 27,Address 27,research@live.com,9123456815,,2021-12-26 08:44:31,2022-01-01 08:44:31
28,34.010124,-118.415016,Name 28,Address 28,jdhildeb@comcast.net,9123456816,1,2021-12-27 08:44:31,2022-01-02 08:44:31
29,32.631718,-117.136772,Name 29,Address 29,cisugrad@live.com,9123456817,,2021-12-28 08:44:31,2022-01-03 08:44:31
30,34.132236,-117.739929,Name 30,Address 30,kjohnson@me.com,9123456818,,2021-12-29 08:44:31,2022-01-04 08:44:31
31,33.8689,-118.012741,Name 31,Address 31,gator@live.com,9123456819,,2021-12-30 08:44:31,2022-01-05 08:44:31
32,37.524174,-122.304199,Name 32,Address 32,feamster@comcast.net,9123456820,,2021-12-31 08:44:31,2022-01-06 08:44:31
33,42.729637,-73.708778,Name 33,Address 33,hahiss@hotmail.com,9123456821,,2022-01-01 08:44:31,2022-01-07 08:44:31
34,43.107204,-75.252312,Name 34,Address 34,tamas@icloud.com,9123456822,,2022-01-02 08:44:31,2022-01-08 08:44:31
35,42.728104,-73.687576,Name 35,Address 35,sagal@gmail.com,9123456823,,2022-01-03 08:44:31,2022-01-09 08:44:31
36,41.00695,-91.973419,Name 36,Address 36,jramio@mac.com,9123456824,,2022-01-04 08:44:31,2022-01-10 08:44:31
37,43.01519,-78.891663,Name 37,Address 37,carmena@optonline.net,9123456825,,2022-01-05 08:44:31,2022-01-11 08:44:31
38,42.813297,-73.941177,Name 38,Address 38,miyop@me.com,9123456826,,2022-01-06 08:44:31,2022-01-12 08:44:31
39,43.083313,-73.809898,Name 39,Address 39,atmarks@live.com,9123456827,,2022-01-07 08:44:31,2022-01-13 08:44:31
40,40.981613,-73.691925,Name 40,Address 40,murdocj@me.com,9123456828,,2022-01-08 08:44:31,2022-01-14 08:44:31
41,43.227978,-75.484924,Name 41,Address 41,ahuillet@att.net,9123456829,,2022-01-09 08:44:31,2022-01-15 08:44:31
42,42.644516,-73.747253,Name 42,Address 42,munson@verizon.net,9123456830,,2022-01-10 08:44:31,2022-01-16 08:44:31
43,44.699764,-73.471428,Name 43,Address 43,gtewari@aol.com,9123456831,,2022-01-11 08:44:31,2022-01-17 08:44:31
44,41.292282,-73.930725,Name 44,Address 44,isotopian@live.com,9123456832,,2022-01-12 08:44:31,2022-01-18 08:44:31
45,43.095654,-75.669487,Name 45,Address 45,lushe@gmail.com,9123456833,1,2022-01-13 08:44:31,2022-01-19 08:44:31
46,40.922794,-73.791809,Name 46,Address 46,juerd@live.com,9123456834,,2022-01-14 08:44:31,2022-01-20 08:44:31
47,40.916695,-73.836815,Name 47,Address 47,nelson@gmail.com,9123456835,,2022-01-15 08:44:31,2022-01-21 08:44:31
48,41.450123,-74.429253,Name 48,Address 48,miyop@mac.com,9123456836,,2022-01-16 08:44:31,2022-01-22 08:44:31
49,43.170048,-78.710464,Name 49,Address 49,leocharre@icloud.com,9123456837,1,2022-01-17 08:44:31,2022-01-23 08:44:31
50,42.820339,-78.843399,Name 50,Address 50,inico@sbcglobal.net,9123456838,,2022-01-18 08:44:31,2022-01-24 08:44:31
51,41.931828,-74.011108,Name 51,Address 51,satch@yahoo.com,9123456839,,2022-01-19 08:44:31,2022-01-25 08:44:31
52,43.010265,-74.383682,Name 52,Address 52,satch@hotmail.com,9123456840,,2022-01-20 08:44:31,2022-01-26 08:44:31
53,43.052845,-74.363762,Name 53,Address 53,phizntrg@verizon.net,9123456841,,2022-01-21 08:44:31,2022-01-27 08:44:31
54,43.311825,-73.655975,Name 54,Address 54,jguyer@msn.com,9123456842,,2022-01-22 08:44:31,2022-01-28 08:44:31
55,42.868473,-76.99649,Name 55,Address 55,dwsauder@mac.com,9123456843,,2022-01-23 08:44:31,2022-01-29 08:44:31
56,42.481365,-79.343887,Name 56,Address 56,mcsporran@verizon.net,9123456844,,2022-01-24 08:44:31,2022-01-30 08:44:31
57,42.604729,-76.18737,Name 57,Address 57,srour@aol.com,9123456845,,2022-01-25 08:44:31,2022-01-31 08:44:31
58,42.148773,-77.062103,Name 58,Address 58,fangorn@verizon.net,9123456846,,2022-01-26 08:44:31,2022-02-01 08:44:31
59,42.774475,-73.708412,Name 59,Address 59,mwitte@icloud.com,9123456847,,2022-01-27 08:44:31,2022-02-02 08:44:31
60,38.936604,-119.986649,Name 60,Address 60,muzzy@sbcglobal.net,9123456848,,2022-01-28 08:44:31,2022-02-03 08:44:31
61,42.098843,-75.920647,Name 61,Address 61,specprog@me.com,9123456849,1,2022-01-29 08:44:31,2022-02-04 08:44:31
62,42.940933,-74.200806,Name 62,Address 62,bmorrow@comcast.net,9123456850,,2022-01-30 08:44:31,2022-02-05 08:44:31
63,39.36834,-84.32959,Name 63,Address 63,ribet@live.com,9123456851,,2022-01-31 08:44:31,2022-02-06 08:44:31
64,34.395958,-119.521042,Name 64,Address 64,kevinm@comcast.net,9123456852,,2022-02-01 08:44:31,2022-02-07 08:44:31
65,27.798244,-82.798462,Name 65,Address 65,scitext@icloud.com,9123456853,,2022-02-02 08:44:31,2022-02-08 08:44:31
66,40.745255,-74.034775,Name 66,Address 66,geekoid@mac.com,9123456854,,2022-02-03 08:44:31,2022-02-09 08:44:31
67,34.155834,-119.202789,Name 67,Address 67,reeds@outlook.com,9123456855,,2022-02-04 08:44:31,2022-02-10 08:44:31
68,42.933334,-76.566666,Name 68,Address 68,klaudon@hotmail.com,9123456856,,2022-02-05 08:44:31,2022-02-11 08:44:31
69,42.095554,-79.238609,Name 69,Address 69,mastinfo@sbcglobal.net,9123456857,,2022-02-06 08:44:31,2022-02-12 08:44:31
70,38.846668,-91.948059,Name 70,Address 70,howler@hotmail.com,9123456858,,2022-02-07 08:44:31,2022-02-13 08:44:31
71,41.392502,-81.534447,Name 71,Address 71,tsuruta@yahoo.com,9123456859,,2022-02-08 08:44:31,2022-02-14 08:44:31
72,27.192223,-80.243057,Name 72,Address 72,matsn@verizon.net,9123456860,,2022-02-09 08:44:31,2022-02-15 08:44:31
73,31.442778,-100.450279,Name 73,Address 73,cliffski@outlook.com,9123456861,,2022-02-10 08:44:31,2022-02-16 08:44:31
74,40.560001,-74.290001,Name 74,Address 74,ideguy@me.com,9123456862,,2022-02-11 08:44:31,2022-02-17 08:44:31
75,33.193611,-117.241112,Name 75,Address 75,temmink@gmail.com,9123456863,1,2022-02-12 08:44:31,2022-02-18 08:44:31
76,41.676388,-86.250275,Name 76,Address 76,frostman@live.com,9123456864,,2022-02-13 08:44:31,2022-02-19 08:44:31
77,41.543056,-90.590836,Name 77,Address 77,mdielmann@optonline.net,9123456865,,2022-02-14 08:44:31,2022-02-20 08:44:31
78,39.554443,-119.735558,Name 78,Address 78,dawnsong@live.com,9123456866,,2022-02-15 08:44:31,2022-02-21 08:44:31
79,44.513332,-88.015831,Name 79,Address 79,mobileip@aol.com,9123456867,,2022-02-16 08:44:31,2022-02-22 08:44:31
80,37.554169,-122.313057,Name 80,Address 80,tsuruta@hotmail.com,9123456868,,2022-02-17 08:44:31,2022-02-23 08:44:31
81,32.349998,-95.300003,Name 81,Address 81,zyghom@att.net,9123456869,,2022-02-18 08:44:31,2022-02-24 08:44:31
82,29.499722,-95.089722,Name 82,Address 82,vlefevre@gmail.com,9123456870,,2022-02-19 08:44:31,2022-02-25 08:44:31
83,33.038334,-97.006111,Name 83,Address 83,malvar@verizon.net,9123456871,,2022-02-20 08:44:31,2022-02-26 08:44:31
84,43.614166,-116.398888,Name 84,Address 84,gboss@optonline.net,9123456872,,2022-02-21 08:44:31,2022-02-27 08:44:31
85,41.55611,-73.041389,Name 85,Address 85,yumpy@mac.com,9123456873,,2022-02-22 08:44:31,2022-02-28 08:44:31
86,34,-117.48333,Name 86,Address 86,lpalmer@yahoo.ca,9123456874,1,2022-02-23 08:44:31,2022-03-01 08:44:31
87,26.709723,-80.064163,Name 87,Address 87,snunez@icloud.com,9123456875,,2022-02-24 08:44:31,2022-03-02 08:44:31
88,38.005001,-121.805832,Name 88,Address 88,wayward@comcast.net,9123456876,,2022-02-25 08:44:31,2022-03-03 08:44:31
89,35.970554,-79.997498,Name 89,Address 89,muzzy@aol.com,9123456877,,2022-02-26 08:44:31,2022-03-04 08:44:31
90,25.942122,-80.26992,Name 90,Address 90,rjones@icloud.com,9123456878,1,2022-02-27 08:44:31,2022-03-05 08:44:31
91,33.569443,-117.202499,Name 91,Address 91,valdez@outlook.com,9123456879,,2022-02-28 08:44:31,2022-03-06 08:44:31
92,39.799999,-89.650002,Name 92,Address 92,cgreuter@verizon.net,9123456880,1,2022-03-01 08:44:31,2022-03-07 08:44:31
93,34.073334,-118.027496,Name 93,Address 93,mwitte@live.com,9123456881,,2022-03-02 08:44:31,2022-03-08 08:44:31
94,40.606388,-111.976112,Name 94,Address 94,drhyde@comcast.net,9123456882,,2022-03-03 08:44:31,2022-03-09 08:44:31
95,30.601389,-96.314445,Name 95,Address 95,denism@mac.com,9123456883,,2022-03-04 08:44:31,2022-03-10 08:44:31
96,38.257778,-122.054169,Name 96,Address 96,gravyface@outlook.com,9123456884,,2022-03-05 08:44:31,2022-03-11 08:44:31
97,37.977222,-87.550552,Name 97,Address 97,jorgb@aol.com,9123456885,,2022-03-06 08:44:31,2022-03-12 08:44:31
98,42.373611,-71.110558,Name 98,Address 98,fviegas@msn.com,9123456886,1,2022-03-07 08:44:31,2022-03-13 08:44:31
99,32.965557,-96.715836,Name 99,Address 99,pdbaby@sbcglobal.net,9123456887,,2022-03-08 08:44:31,2022-03-14 08:44:31
100,37.871666,-122.272781,Name 100,Address 100,konst@aol.com,9123456888,,2022-03-09 08:44:31,2022-03-15 08:44:31
101,38.951561,-92.328636,Name 101,Address 101,sburke@msn.com,9123456889,,2022-03-10 08:44:31,2022-03-16 08:44:31
102,33.950001,-83.383331,Name 102,Address 102,martink@me.com,9123456890,,2022-03-11 08:44:31,2022-03-17 08:44:31
103,30.216667,-92.033333,Name 103,Address 103,rafasgj@hotmail.com,9123456891,1,2022-03-12 08:44:31,2022-03-18 08:44:31
104,42.580276,-83.030281,Name 104,Address 104,matloff@live.com,9123456892,,2022-03-13 08:44:31,2022-03-19 08:44:31
105,36.316666,-119.300003,Name 105,Address 105,bhtower@icloud.com,9123456893,,2022-03-14 08:44:31,2022-03-20 08:44:31
106,37.034946,-76.360123,Name 106,Address 106,ewaters@live.com,9123456894,,2022-03-15 08:44:31,2022-03-21 08:44:31
107,40.689167,-111.993889,Name 107,Address 107,jshirley@msn.com,9123456895,,2022-03-16 08:44:31,2022-03-22 08:44:31
108,33.630554,-112.366669,Name 108,Address 108,quantaman@yahoo.com,9123456896,,2022-03-17 08:44:31,2022-03-23 08:44:31
109,39.903057,-104.954445,Name 109,Address 109,mrdvt@att.net,9123456897,1,2022-03-18 08:44:31,2022-03-24 08:44:31
110,25.978889,-80.282501,Name 110,Address 110,yumpy@hotmail.com,9123456898,,2022-03-19 08:44:31,2022-03-25 08:44:31
111,35.846111,-86.391945,Name 111,Address 111,amcuri@comcast.net,9123456899,,2022-03-20 08:44:31,2022-03-26 08:44:31
112,34.156113,-118.131943,Name 112,Address 112,jonathan@yahoo.ca,9123456900,,2022-03-21 08:44:31,2022-03-27 08:44:31
113,41.18639,-73.195557,Name 113,Address 113,themer@msn.com,9123456901,,2022-03-22 08:44:31,2022-03-28 08:44:31
114,40.914745,-74.162827,Name 114,Address 114,henkp@me.com,9123456902,,2022-03-23 08:44:31,2022-03-29 08:44:31
115,42.259445,-89.064445,Name 115,Address 115,jbarta@me.com,9123456903,,2022-03-24 08:44:31,2022-03-30 08:44:31
116,41.520557,-88.150558,Name 116,Address 116,portele@msn.com,9123456904,,2022-03-25 08:44:31,2022-03-31 08:44:31
117,33.124722,-117.080833,Name 117,Address 117,sjmuir@sbcglobal.net,9123456905,,2022-03-26 08:44:31,2022-04-01 08:44:31
118,39.106667,-94.676392,Name 118,Address 118,mnemonic@verizon.net,9123456906,,2022-03-27 08:44:31,2022-04-02 08:44:31
119,42.101391,-72.590279,Name 119,Address 119,rattenbt@mac.com,9123456907,,2022-03-28 08:44:31,2022-04-03 08:44:31
120,37.210388,-93.297256,Name 120,Address 120,mallanmba@aol.com,9123456908,,2022-03-29 08:44:31,2022-04-04 08:44:31
121,33.866669,-117.566666,Name 121,Address 121,bmcmahon@outlook.com,9123456909,,2022-03-30 08:44:31,2022-04-05 08:44:31
122,26.012501,-80.313614,Name 122,Address 122,lamky@outlook.com,9123456910,,2022-03-31 08:44:31,2022-04-06 08:44:31
123,38.438332,-121.381943,Name 123,Address 123,koudas@sbcglobal.net,9123456911,,2022-04-01 08:44:31,2022-04-07 08:44:31
124,33.211666,-117.325836,Name 124,Address 124,eegsa@sbcglobal.net,9123456912,1,2022-04-02 08:44:31,2022-04-08 08:44:31
125,37.070831,-76.484444,Name 125,Address 125,hllam@outlook.com,9123456913,,2022-04-03 08:44:31,2022-04-09 08:44:31
126,43.536388,-96.731667,Name 126,Address 126,drezet@gmail.com,9123456914,,2022-04-04 08:44:31,2022-04-10 08:44:31
127,45.633331,-122.599998,Name 127,Address 127,zeitlin@comcast.net,9123456915,,2022-04-05 08:44:31,2022-04-11 08:44:31
128,42.271389,-71.798889,Name 128,Address 128,konst@gmail.com,9123456916,,2022-04-06 08:44:31,2022-04-12 08:44:31
129,30.455,-84.253334,Name 129,Address 129,intlprog@gmail.com,9123456917,,2022-04-07 08:44:31,2022-04-13 08:44:31
130,32.492222,-84.940277,Name 130,Address 130,grdschl@mac.com,9123456918,1,2022-04-08 08:44:31,2022-04-14 08:44:31
131,33.466667,-81.966667,Name 131,Address 131,bogjobber@icloud.com,9123456919,,2022-04-09 08:44:31,2022-04-15 08:44:31
132,32.361668,-86.279167,Name 132,Address 132,paina@att.net,9123456920,,2022-04-10 08:44:31,2022-04-16 08:44:31
133,41.763889,-88.290001,Name 133,Address 133,murty@att.net,9123456921,,2022-04-11 08:44:31,2022-04-17 08:44:31
134,35.199165,-101.845276,Name 134,Address 134,shrapnull@live.com,9123456922,,2022-04-12 08:44:31,2022-04-18 08:44:31
135,37.661388,-120.994446,Name 135,Address 135,jfriedl@outlook.com,9123456923,,2022-04-13 08:44:31,2022-04-19 08:44:31
136,32.907223,-96.635277,Name 136,Address 136,drjlaw@gmail.com,9123456924,,2022-04-14 08:44:31,2022-04-20 08:44:31
137,33.669445,-117.823059,Name 137,Address 137,ardagna@yahoo.com,9123456925,,2022-04-15 08:44:31,2022-04-21 08:44:31
138,39.710835,-104.8125,Name 138,Address 138,jugalator@yahoo.ca,9123456926,,2022-04-16 08:44:31,2022-04-22 08:44:31
139,32.705002,-97.12278,Name 139,Address 139,xtang@outlook.com,9123456927,,2022-04-17 08:44:31,2022-04-23 08:44:31
140,39.099724,-94.578331,Name 140,Address 140,johnbob@aol.com,9123456928,,2022-04-18 08:44:31,2022-04-24 08:44:31
141,35.1175,-89.971107,Name 141,Address 141,mcsporran@yahoo.com,9123456929,,2022-04-19 08:44:31,2022-04-25 08:44:31
142,39.791,-86.148003,Name 142,Address 142,markjugg@icloud.com,9123456930,,2022-04-20 08:44:31,2022-04-26 08:44:31
143,39.983334,-82.98333,Name 143,Address 143,rnelson@att.net,9123456931,,2022-04-21 08:44:31,2022-04-27 08:44:31
144,30.266666,-97.73333,Name 144,Address 144,vertigo@sbcglobal.net,9123456932,,2022-04-22 08:44:31,2022-04-28 08:44:31
145,32.779167,-96.808891,Name 145,Address 145,djpig@yahoo.ca,9123456933,,2022-04-23 08:44:31,2022-04-29 08:44:31
146,37.487846,-122.236115,Name 146,Address 146,matty@mac.com,9123456934,,2022-04-24 08:44:31,2022-04-30 08:44:31
147,35.25528,-81.180275,Name 147,Address 147,teverett@me.com,9123456935,,2022-04-25 08:44:31,2022-05-01 08:44:31
148,29.700001,-98.116669,Name 148,Address 148,neonatus@yahoo.com,9123456936,,2022-04-26 08:44:31,2022-05-02 08:44:31
149,26.838619,-80.129967,Name 149,Address 149,karasik@comcast.net,9123456937,,2022-04-27 08:44:31,2022-05-03 08:44:31
150,38.473625,-122.889992,Name 150,Address 150,frostman@sbcglobal.net,9123456938,,2022-04-28 08:44:31,2022-05-04 08:44:31
151,29.749907,-95.358421,Name 151,Address 151,mastinfo@msn.com,9123456939,,2022-04-29 08:44:31,2022-05-05 08:44:31
152,40.191891,-85.401695,Name 152,Address 152,markjugg@verizon.net,9123456940,,2022-04-30 08:44:31,2022-05-06 08:44:31
153,33.830517,-116.545601,Name 153,Address 153,keutzer@sbcglobal.net,9123456941,,2022-05-01 08:44:31,2022-05-07 08:44:31
154,34.496212,-93.05722,Name 154,Address 154,msroth@gmail.com,9123456942,,2022-05-02 08:44:31,2022-05-08 08:44:31
155,37.54129,-77.434769,Name 155,Address 155,tbusch@comcast.net,9123456943,,2022-05-03 08:44:31,2022-05-09 08:44:31
156,36.082157,-94.171852,Name 156,Address 156,hmbrand@yahoo.com,9123456944,,2022-05-04 08:44:31,2022-05-10 08:44:31
157,32.698437,-114.650398,Name 157,Address 157,yxing@me.com,9123456945,,2022-05-05 08:44:31,2022-05-11 08:44:31
158,33.580944,-112.237068,Name 158,Address 158,trygstad@verizon.net,9123456946,,2022-05-06 08:44:31,2022-05-12 08:44:31
159,33.427204,-111.939896,Name 159,Address 159,hikoza@yahoo.com,9123456947,,2022-05-07 08:44:31,2022-05-13 08:44:31
160,34.028622,-117.810333,Name 160,Address 160,ghaviv@yahoo.ca,9123456948,,2022-05-08 08:44:31,2022-05-14 08:44:31
161,32.609856,-85.480782,Name 161,Address 161,rupak@gmail.com,9123456949,,2022-05-09 08:44:31,2022-05-15 08:44:31
162,33.405746,-86.811546,Name 162,Address 162,seebs@aol.com,9123456950,,2022-05-10 08:44:31,2022-05-16 08:44:31
163,34.603817,-86.985039,Name 163,Address 163,mrobshaw@optonline.net,9123456951,,2022-05-11 08:44:31,2022-05-17 08:44:31
164,44.840797,-93.298279,Name 164,Address 164,luebke@aol.com,9123456952,,2022-05-12 08:44:31,2022-05-18 08:44:31
165,71.290558,-156.788605,Name 165,Address 165,adamk@yahoo.com,9123456953,,2022-05-13 08:44:31,2022-05-19 08:44:31
166,46.877186,-96.789803,Name 166,Address 166,jaarnial@verizon.net,9123456954,,2022-05-14 08:44:31,2022-05-20 08:44:31
167,31.845682,-102.367645,Name 167,Address 167,ilyaz@comcast.net,9123456955,,2022-05-15 08:44:31,2022-05-21 08:44:31
168,33.493317,-80.855415,Name 168,Address 168,ghaviv@hotmail.com,9123456956,,2022-05-16 08:44:31,2022-05-22 08:44:31
169,26.203407,-98.230011,Name 169,Address 169,ajlitt@hotmail.com,9123456957,,2022-05-17 08:44:31,2022-05-23 08:44:31
170,41.85371,-71.758125,Name 170,Address 170,sinkou@icloud.com,9123456958,,2022-05-18 08:44:31,2022-05-24 08:44:31
171,36.133411,-96.354454,Name 171,Address 171,scitext@yahoo.ca,9123456959,,2022-05-19 08:44:31,2022-05-25 08:44:31
172,39.925751,-83.806694,Name 172,Address 172,kosact@hotmail.com,9123456960,,2022-05-20 08:44:31,2022-05-26 08:44:31
173,29.691063,-95.209099,Name 173,Address 173,sethbrown@yahoo.ca,9123456961,,2022-05-21 08:44:31,2022-05-27 08:44:31
174,26.616756,-80.068451,Name 174,Address 174,pkilab@comcast.net,9123456962,,2022-05-22 08:44:31,2022-05-28 08:44:31
175,42.480591,-83.475494,Name 175,Address 175,lpalmer@aol.com,9123456963,,2022-05-23 08:44:31,2022-05-29 08:44:31
176,44.016369,-92.475395,Name 176,Address 176,bmidd@yahoo.ca,9123456964,,2022-05-24 08:44:31,2022-05-30 08:44:31
177,37.129986,-84.084122,Name 177,Address 177,kdawson@gmail.com,9123456965,,2022-05-25 08:44:31,2022-05-31 08:44:31
178,44.409706,-103.509079,Name 178,Address 178,solomon@verizon.net,9123456966,,2022-05-26 08:44:31,2022-06-01 08:44:31
179,38.056469,-83.943253,Name 179,Address 179,netsfr@live.com,9123456967,,2022-05-27 08:44:31,2022-06-02 08:44:31
180,34.391663,-118.542587,Name 180,Address 180,ivoibs@msn.com,9123456968,,2022-05-28 08:44:31,2022-06-03 08:44:31
181,38.984764,-94.677658,Name 181,Address 181,teverett@outlook.com,9123456969,,2022-05-29 08:44:31,2022-06-04 08:44:31
182,45.56023,-94.172852,Name 182,Address 182,roesch@me.com,9123456970,,2022-05-30 08:44:31,2022-06-05 08:44:31
183,28.807674,-81.274948,Name 183,Address 183,hahsler@gmail.com,9123456971,,2022-05-31 08:44:31,2022-06-06 08:44:31
184,58.305801,-134.433304,Name 184,Address 184,cyrus@gmail.com,9123456972,,2022-06-01 08:44:31,2022-06-07 08:44:31
185,44.636513,-123.105927,Name 185,Address 185,sekiya@msn.com,9123456973,,2022-06-02 08:44:31,2022-06-08 08:44:31
186,32.838383,-116.973915,Name 186,Address 186,hyper@hotmail.com,9123456974,,2022-06-03 08:44:31,2022-06-09 08:44:31
187,38.033878,-121.960709,Name 187,Address 187,seasweb@verizon.net,9123456975,,2022-06-04 08:44:31,2022-06-10 08:44:31
188,40.167206,-105.101929,Name 188,Address 188,weazelman@optonline.net,9123456976,,2022-06-05 08:44:31,2022-06-11 08:44:31
189,47.530102,-122.032616,Name 189,Address 189,mstrout@gmail.com,9123456977,,2022-06-06 08:44:31,2022-06-12 08:44:31
190,41.081757,-81.511452,Name 190,Address 190,ghaviv@yahoo.com,9123456978,,2022-06-07 08:44:31,2022-06-13 08:44:31
191,41.58466,-87.50016,Name 191,Address 191,chaikin@icloud.com,9123456979,,2022-06-08 08:44:31,2022-06-14 08:44:31
192,41.10297,-80.647247,Name 192,Address 192,doche@me.com,9123456980,,2022-06-09 08:44:31,2022-06-15 08:44:31
193,45.159966,-92.99334,Name 193,Address 193,wikinerd@yahoo.com,9123456981,,2022-06-10 08:44:31,2022-06-16 08:44:31
194,33.888504,-117.813255,Name 194,Address 194,hamilton@msn.com,9123456982,,2022-06-11 08:44:31,2022-06-17 08:44:31
195,32.540138,-85.098549,Name 195,Address 195,skippy@yahoo.ca,9123456983,,2022-06-12 08:44:31,2022-06-18 08:44:31
196,44.080544,-103.231018,Name 196,Address 196,gbacon@att.net,9123456984,,2022-06-13 08:44:31,2022-06-19 08:44:31
197,45.522896,-122.98983,Name 197,Address 197,klaudon@mac.com,9123456985,,2022-06-14 08:44:31,2022-06-20 08:44:31
198,41.681992,-85.976669,Name 198,Address 198,nullchar@msn.com,9123456986,,2022-06-15 08:44:31,2022-06-21 08:44:31
199,41.825226,-71.418884,Name 199,Address 199,jonas@aol.com,9123456987,,2022-06-16 08:44:31,2022-06-22 08:44:31
200,34.110489,-117.594429,Name 200,Address 200,sethbrown@yahoo.ca,9123456988,,2022-06-17 08:44:31,2022-06-23 08:44:31
